id,title,message,date,time
80,Important Notice!,Please note that route haahaa,2012-02-27,12:38:00
81,Important Notice!,Please note that route pss,2012-02-27,12:38:00
83,Important Notice!,Please note that route pss,2012-02-27,12:38:00
84,Important Notice!,Please note that route ss7722,2012-02-27,12:38:00
1,Important Notice!,Please note that route 33,2024-05-02,05:38:00
2,Important Notice!,Please note that route 3,2024-05-02,01:38:00
3,Important Notice!,Please note that route 3,2012-02-27,12:38:00
4,Important Notice!,Please note that route 7,2012-02-27,12:38:00
5,Important Notice!,Please note that route 3,2012-02-27,12:38:00
6,Important Notice!,Please note that route 33,2024-05-02,05:38:00
7,Important Notice!,Please note that route 3,2024-05-02,01:38:00
8,Important Notice!,Please note that route 3,2012-02-27,12:38:00
9,Important Notice!,Please note that route 7,2012-02-27,12:38:00
10,Important Notice!,Please note that route 3,2012-02-27,12:38:00
